,RMSE,SMAPE
val,1354.8145477204384,13.41550571602217
test,1267.1716355612718,13.18947379017854
