,RMSE,SMAPE
val,1393.1516665645038,14.2034257612375
test,1323.0018954531747,13.995307085713803
