,RMSE,SMAPE
val,1391.2285438138947,13.745534976466848
test,1287.3763031178003,13.514924070517234
