,RMSE,SMAPE
val,1381.2105678289945,14.22291439709863
test,1337.1239666591546,14.073479405645179
