,RMSE,SMAPE
val,1333.733062381385,13.273343750898185
test,1245.913816325572,12.94959037978843
