,RMSE,SMAPE
val,2495.1514991284057,25.28508354414158
test,2462.5882382519467,24.875828107225335
