,RMSE,SMAPE
val,1339.0556924265632,13.314654181058982
test,1261.4363056614036,12.983523332938548
