,RMSE,SMAPE
val,1398.9419464278662,13.884879771986565
test,1292.1453926952522,13.634916073441197
