,RMSE,SMAPE
val,1381.1237525297704,13.936099544778159
test,1308.555314302245,13.775751366243606
