,RMSE,SMAPE
val,1379.1443734461202,13.679335631829847
test,1273.9982131348197,13.412228171955135
