,RMSE,SMAPE
val,5804.696193115549,126.28597075414116
test,5821.660684307045,127.6112869110816
