,RMSE,SMAPE
val,6101.592524421784,166.07244438838495
test,6122.283663213271,167.00649121770158
