,RMSE,SMAPE
val,491.0609026976415,5.14032256117354
test,1223.565001013436,12.171025311656676
