,RMSE,SMAPE
val,5972.564220332021,146.78991174024694
test,5991.700287309789,147.99426934835944
