,RMSE,SMAPE
val,1346.0443006724663,13.686008910411175
test,1261.845759965872,13.365621222122938
