,RMSE,SMAPE
val,5911.876993865063,138.81224473508345
test,5930.25159610168,140.0930576429385
