,RMSE,SMAPE
val,6177.421876522898,179.2160201256887
test,6198.983573264453,179.87612807557238
