,RMSE,SMAPE
val,2624.9983027736193,27.846353432512693
test,2592.597261127494,27.31581438955136
