,RMSE,SMAPE
val,491.6897330253822,5.12902812322118
test,1234.0174009552882,12.334428200602469
