,RMSE,SMAPE
val,2.8232410588765493,0.0003072648567442088
test,1800.9960086115088,17.395991978433155
