,RMSE,SMAPE
val,1342.006814100203,13.460910680108185
test,1259.909593648041,13.079605515154363
