,RMSE,SMAPE
val,2.8232410592034825,0.0003072648459266677
test,1815.1147251070254,17.738359523443624
