,RMSE,SMAPE
val,486.17962987847415,5.132449521802031
test,1233.3006844221866,12.215683226024266
