,RMSE,SMAPE
val,1378.123248528842,13.647984047332203
test,1272.8283016681637,13.373552587282346
