,RMSE,SMAPE
val,495.5112499411293,5.273374035041656
test,1229.5703863206652,12.48323110282069
