,RMSE,SMAPE
val,6101.219398066664,166.01429561247647
test,6121.926643113604,166.94531531940632
