,RMSE,SMAPE
val,1388.1035293443883,13.739443458816428
test,1282.2883564562546,13.482684720569601
