,RMSE,SMAPE
val,2513.368432586111,25.915309184823425
test,2479.892152317109,25.514346586767516
