,RMSE,SMAPE
val,5857.40438467382,132.23369145000032
test,5875.093176570532,133.53946755022739
