,RMSE,SMAPE
val,1379.2789597282733,13.686509428636692
test,1276.9466683929618,13.431874342659334
