,RMSE,SMAPE
val,2.8232410566576807,0.000307264845230355
test,1880.3565252929588,17.270985998768733
