,RMSE,SMAPE
val,1379.9018124712466,13.656530951819173
test,1276.2696887977536,13.397243840239017
