,RMSE,SMAPE
val,6006.336041830677,151.5011198056449
test,6025.895213337923,152.64327946867317
