,RMSE,SMAPE
val,498.0052713625919,5.110947639684805
test,1233.6597056288194,12.19118977197887
