,RMSE,SMAPE
val,1384.6075188155312,13.785429516443973
test,1278.6240806849996,13.499854970286359
