,loss,acc
train,0.06479589506969625,0.97555011510849
val,0.1544475061332974,0.9411471486091614
test,0.10765969068688949,0.9558599591255188
