,loss,acc
train,0.18052607293920037,0.9336602091789246
val,0.2780955282466661,0.9226160645484924
test,0.4547946666662176,0.9197154641151428
