,loss,acc
train,0.16698615388621355,0.9343813061714172
val,0.2213891874327371,0.932101845741272
test,0.29122542352387226,0.9181910753250122
