,loss,acc
train,0.17223559065339605,0.930054783821106
val,0.2737462573047287,0.9256115555763245
test,0.29547002070135725,0.9171748161315918
