,loss,acc
train,0.12455854046340574,0.9438996315002441
val,0.2483821962394416,0.9360958337783813
test,0.31666440540037294,0.9319105744361877
