,loss,acc
train,0.3300671942408764,0.8805884122848511
val,0.33823100812602985,0.9061408042907715
test,0.37428591073286244,0.8770325183868408
