,loss,acc
train,0.263541212669789,0.9053937196731567
val,0.39698068090099364,0.9181228280067444
test,0.3391010310867379,0.8816056847572327
