,loss,acc
train,0.1303676478636359,0.9407268762588501
val,0.28118099584313067,0.9331003427505493
test,0.3643788291927017,0.9329268336296082
