,loss,acc
train,0.08686335748993469,0.9663974642753601
val,0.3806198764505545,0.930604100227356
test,0.3823945105615081,0.9197154641151428
