,loss,acc
train,0.14320683244453764,0.9372656345367432
val,0.2436445662198487,0.9236145615577698
test,0.3043338962742515,0.9105691313743591
