,loss,acc
train,0.18736580170043862,0.9225555062294006
val,0.2975022294731929,0.9146280288696289
test,0.3226200841923648,0.8993902206420898
