,loss,acc
train,0.16234204409804753,0.9340928792953491
val,0.2113464518436949,0.932101845741272
test,0.29170247319604004,0.9034552574157715
