,loss,acc
train,0.21371942906810493,0.9252956509590149
val,0.21769793719286681,0.9395906329154968
test,0.28982311083012513,0.9247967600822449
