,loss,acc
train,0.15576033898430666,0.9325065016746521
val,0.2170120998129018,0.9395906329154968
test,0.25215388157930724,0.9105691313743591
