,loss,acc
train,0.1651046019195128,0.9356792569160461
val,0.19259677898762342,0.9435846209526062
test,0.29057890255471724,0.9181910753250122
