,loss,acc
train,0.1601151761359278,0.9327949285507202
val,0.32090869498882246,0.9081377983093262
test,0.28321427522539266,0.9222561120986938
