,loss,acc
train,0.1548872604143634,0.931641161441803
val,0.22605617088091357,0.9261108040809631
test,0.2952759156209865,0.9136179089546204
