,loss,acc
train,0.15083729406616161,0.933804452419281
val,0.23967318939931959,0.9326010942459106
test,0.3397519124358751,0.9141260385513306
