,loss,acc
train,0.17442653039194647,0.9339486360549927
val,0.21195431291949138,0.9400898814201355
test,0.3235977601080384,0.9100610017776489
