,loss,acc
train,0.1305049870880486,0.9371214509010315
val,0.2770818657122166,0.9196205735206604
test,0.3749427388334747,0.889735758304596
