,loss,acc
train,0.2131197204986154,0.9185174703598022
val,0.2529459666019967,0.935097336769104
test,0.37727039864824374,0.9009146094322205
