,loss,acc
train,0.18312504459780063,0.9283242225646973
val,0.27525259933039253,0.9316025972366333
test,0.31898596077512853,0.9161585569381714
