,loss,acc
train,0.15243806179234803,0.9352465867996216
val,0.22454663923570978,0.932101845741272
test,0.262008538712559,0.9283536672592163
