,loss,acc
train,0.15775876609549241,0.9326506853103638
val,0.17478641872207357,0.9485771059989929
test,0.30083216421580133,0.9278455376625061
