,loss,acc
train,0.19986451261746085,0.9293337464332581
val,0.3719361076225386,0.9076385498046875
test,0.3962391513796172,0.894817054271698
