,loss,acc
train,0.1400740499659068,0.9413037300109863
val,0.2524516604386195,0.9226160645484924
test,0.32641465382246354,0.9095528721809387
