,loss,acc
train,0.17803361272714152,0.9234208464622498
val,0.17759313898663678,0.9465801119804382
test,0.28406484305825014,0.9100610017776489
