,loss,acc
train,0.1427865787947991,0.9387078285217285
val,0.2950519699923214,0.9176235795021057
test,0.29944511414108027,0.9054877758026123
