,loss,acc
train,0.137782362636221,0.9421690106391907
val,0.2871382724977537,0.915626585483551
test,0.3141876677997593,0.915142297744751
