,loss,acc
train,0.19018764803959698,0.9177963733673096
val,0.2338085569073067,0.9166250824928284
test,0.2669389268962621,0.915142297744751
