,loss,acc
train,0.22370716158091045,0.9176521301269531
val,0.20842475905090094,0.93659508228302
test,0.3798290282805734,0.8943089246749878
