,loss,acc
train,0.18637759502042278,0.9237092733383179
val,0.2505744492606768,0.9191213250160217
test,0.3475472659589079,0.8917682766914368
