,loss,acc
train,0.13297833554933294,0.9379867315292358
val,0.3306403653092544,0.9301048517227173
test,0.3120049077237348,0.920223593711853
