,loss,acc
train,0.1625385026298673,0.9326506853103638
val,0.2609247914449178,0.9271093606948853
test,0.30486259292169926,0.9120935201644897
