,loss,acc
train,0.16634954402384816,0.9336602091789246
val,0.25878557601030655,0.9276086091995239
test,0.3549628870415786,0.9049796462059021
