,loss,acc
train,0.18442501049388854,0.9232766032218933
val,0.2344281392016681,0.9201198220252991
test,0.2916914633005797,0.9126016497612
