,loss,acc
train,0.15601439837507017,0.9317854046821594
val,0.21530242799165186,0.9311033487319946
test,0.3053495685837437,0.9146341681480408
