,loss,acc
train,0.24987880341635593,0.9038073420524597
val,0.2902303239757486,0.9246130585670471
test,0.39786733261108914,0.8851625919342041
