,loss,acc
train,0.1584329792999942,0.9417364001274109
val,0.3988767399432168,0.9036445617675781
test,0.41091871624329784,0.9034552574157715
