,loss,acc
train,0.1580658574425636,0.942024827003479
val,0.20435076272939406,0.9375936388969421
test,0.34350607885786894,0.9110772609710693
