,loss,acc
train,0.1305757007838442,0.9454860091209412
val,0.459904243216417,0.8826760053634644
test,2.331427198622709,0.8739837408065796
