,loss,acc
train,0.1218556767451628,0.9457744359970093
val,0.3249653416922289,0.9236145615577698
test,0.3255874627833517,0.9146341681480408
