,loss,acc
train,0.1377101984895253,0.9401499629020691
val,0.22431168436497198,0.9331003427505493
test,0.3813494156323944,0.9054877758026123
