,loss,acc
train,0.14738857754920054,0.9401499629020691
val,0.2925777086021897,0.9046430587768555
test,0.41271524445388735,0.9141260385513306
