,loss,acc
train,0.16173945759286046,0.9327949285507202
val,0.2959802800218035,0.9076385498046875
test,0.317982612159451,0.889735758304596
