,loss,acc
train,0.1918004082723479,0.9433227777481079
val,0.4302190081453304,0.9081377983093262
test,0.47675733436164025,0.8927845358848572
