,loss,acc
train,0.18142127696895688,0.9190943241119385
val,0.3103334430300157,0.9046430587768555
test,0.4244563217350917,0.8810975551605225
