,loss,acc
train,0.1272293320038003,0.95284104347229
val,0.2987895861006869,0.9251123070716858
test,0.4647736623522765,0.9065040946006775
