,loss,acc
train,0.1355123206333782,0.945197582244873
val,0.3527485246663607,0.9031452536582947
test,0.4278824507094147,0.8826219439506531
