,loss,acc
train,0.20141715913173602,0.9280357360839844
val,0.27288135765278476,0.9400898814201355
test,0.22496566509253318,0.9242886304855347
