,loss,acc
train,0.10269927200521017,0.961638331413269
val,0.22312884664092508,0.9430853724479675
test,0.2813801230689541,0.9456300735473633
