,loss,acc
train,0.15178950119336304,0.9330833554267883
val,0.17237645986090694,0.9475786089897156
test,0.2429265968932536,0.9354674816131592
