,loss,acc
train,0.059644179573992116,0.977502167224884
val,0.1837892402762642,0.9580628871917725
test,0.2503172441077275,0.9329268336296082
