,loss,acc
train,0.15109635496902984,0.9593308568000793
val,0.23123662072298445,0.9395906329154968
test,0.3454373264568005,0.9253048896789551
