,loss,acc
train,0.07942960047743393,0.9713008403778076
val,0.1675950535981171,0.9520719051361084
test,0.19708550319771131,0.9451219439506531
