,loss,acc
train,0.033992476845359484,0.9864436388015747
val,0.2478918293090265,0.9515726566314697
test,0.23580944400290227,0.9542682766914368
