,loss,acc
train,0.10828757088437693,0.957888662815094
val,0.24787858783576447,0.9410883784294128
test,0.3230414095633096,0.9339430928230286
