,loss,acc
train,0.11226969971756753,0.9470723867416382
val,0.22290200373768296,0.9340988397598267
test,0.26459059522295786,0.9395325183868408
