,loss,acc
train,0.21671422187562356,0.9170752763748169
val,0.17897669862745644,0.9550673961639404
test,0.2426017378419032,0.9329268336296082
