,loss,acc
train,0.07937150432908513,0.9681280851364136
val,0.18019828214740347,0.9565651416778564
test,0.23231812446149377,0.9512194991111755
