,loss,acc
train,0.15879923117726047,0.939861536026001
val,0.18461450229882354,0.949575662612915
test,0.8418737171234865,0.9120935201644897
