,loss,acc
train,0.09507447897124395,0.9679838418960571
val,0.23109344080169072,0.9445831179618835
test,0.21922934185046847,0.9491869807243347
