,loss,acc
train,0.04907225446699038,0.9812517762184143
val,0.20864937328706745,0.9440838694572449
test,0.25129307293936815,0.9420731663703918
