,loss,acc
train,0.08194169804494619,0.9663974642753601
val,0.2056921790049285,0.9430853724479675
test,0.4133021291192443,0.9415650367736816
