,loss,acc
train,0.11633563159459638,0.9580329060554504
val,0.18985999863846084,0.9395906329154968
test,0.25344215774769563,0.9339430928230286
