,loss,acc
train,0.2002956184448703,0.9183732271194458
val,0.25032678702534644,0.9271093606948853
test,0.33601877999651,0.8953251838684082
