,loss,acc
train,0.15533928050716966,0.9320738315582275
val,0.19581310702599417,0.9465801119804382
test,0.28497983139302635,0.9247967600822449
