,loss,acc
train,0.1794494872681405,0.9284684062004089
val,0.30162182205932747,0.9141287803649902
test,0.3120015418891439,0.9059959053993225
