,loss,acc
train,0.139967449525363,0.9364003539085388
val,0.20104103556313865,0.9420868754386902
test,0.3064990854709174,0.932418704032898
