,loss,acc
train,0.16844631571272042,0.9270262718200684
val,0.23470085982886096,0.9236145615577698
test,0.24607008732514593,0.9192073345184326
