,loss,acc
train,0.14554568252277078,0.9408710598945618
val,0.1890885715928375,0.9570643901824951
test,0.36241656197898736,0.8938007950782776
