,loss,acc
train,0.21617482155147766,0.9092875719070435
val,0.30816150906379974,0.9091362953186035
test,0.4361691296411057,0.9085366129875183
