,loss,acc
train,0.16516698884668884,0.9330833554267883
val,0.2567282380487145,0.9256115555763245
test,0.30036504880564924,0.9070122241973877
