,loss,acc
train,0.16947695752229722,0.9330833554267883
val,0.28575801933430695,0.9081377983093262
test,0.33001012042412303,0.9115853905677795
