,loss,acc
train,0.1701675063110512,0.9242861270904541
val,0.1936895855098675,0.93659508228302
test,0.2779817947280466,0.9278455376625061
