,loss,acc
train,0.13831456008921011,0.943611204624176
val,0.19531763253209095,0.9395906329154968
test,0.4536191244825921,0.894817054271698
