,loss,acc
train,0.19593872609720694,0.9226997494697571
val,0.3311398742321546,0.9221168160438538
test,0.4623288987511886,0.897357702255249
