,loss,acc
train,0.1746244939715143,0.9226997494697571
val,0.22266148593922108,0.9146280288696289
test,0.2936004150234829,0.8988820910453796
