,loss,acc
train,0.21261761534904278,0.9117392301559448
val,0.26602856796634716,0.9181228280067444
test,0.423029115900579,0.8556910753250122
