,loss,acc
train,0.2300098413155063,0.8980386257171631
val,0.2762210918260302,0.9051423072814941
test,0.3456219354174971,0.8704268336296082
