,loss,acc
train,0.19490998434824244,0.9198154211044312
val,0.34419138211230604,0.8921617865562439
test,15.576057395314782,0.006097560748457909
