,loss,acc
train,0.17366913007478274,0.9222670793533325
val,0.3008855008894482,0.898152768611908
test,0.38470556023644237,0.8760162591934204
