,loss,acc
train,0.17186670735846954,0.9263051748275757
val,0.23820674682014653,0.9176235795021057
test,0.35720040011068244,0.8846544623374939
