,loss,acc
train,0.22582602681431468,0.9022209644317627
val,0.21386053579423764,0.9221168160438538
test,0.36835557149677745,0.8785569071769714
