,loss,acc
train,0.3215407281854806,0.9241418838500977
val,0.45941550806499515,0.8771842122077942
test,0.35975526280065134,0.8780487775802612
