,loss,acc
train,0.13962875055401705,0.9348139762878418
val,0.21590066212868755,0.9370943307876587
test,0.277136614763867,0.9247967600822449
