,loss,acc
train,0.17956187453670017,0.9238534569740295
val,0.22959665745809205,0.9256115555763245
test,0.35708200505260773,0.889735758304596
