,loss,acc
train,0.1677500715868492,0.9270262718200684
val,0.22535680470447866,0.917124330997467
test,0.26319368070036897,0.9059959053993225
