,loss,acc
train,0.3473044061866211,0.8663109540939331
val,0.35289225095340865,0.8926610350608826
test,0.4923450959528365,0.8241869807243347
