,loss,acc
train,0.19156540810356987,0.9175079464912415
val,0.2745605388203384,0.9001497626304626
test,0.42574345576387596,0.8810975551605225
