,loss,acc
train,0.26421950763305807,0.8965964913368225
val,0.31699243436381036,0.8951572775840759
test,0.39653954994145446,0.8389227390289307
