,loss,acc
train,1.0154995963531852,0.779636561870575
val,9.735714902892092,0.0803794339299202
test,10.202156555361864,0.006605691276490688
