,loss,acc
train,0.22589146012651462,0.9121719002723694
val,0.3135730000254635,0.9001497626304626
test,0.4216363380276939,0.8414633870124817
