,loss,acc
train,0.18545818533751074,0.923997700214386
val,12.154317908684611,0.12281577289104462
test,12.703329001015764,0.08943089097738266
