,loss,acc
train,0.19859866701648873,0.9139025211334229
val,0.2910462888966664,0.9056415557861328
test,0.32867191506292276,0.9024389982223511
