,loss,acc
train,0.20411264743813873,0.9114508032798767
val,0.2425998179869716,0.9101347923278809
test,0.28554081053632063,0.9009146094322205
