,loss,acc
train,0.14853798070498603,0.9329391121864319
val,0.27704066032180175,0.9146280288696289
test,0.33509646471953247,0.9075203537940979
