,loss,acc
train,0.13550845414380222,0.9378424882888794
val,0.2111668118828544,0.9276086091995239
test,0.3689606515917836,0.8902438879013062
