,loss,acc
train,0.1989030178850138,0.921834409236908
val,0.33964386063846896,0.8706939816474915
test,0.4200171897475555,0.8511179089546204
