,loss,acc
train,0.14240638185437876,0.9323622584342957
val,0.22451177388206459,0.9256115555763245
test,0.3372015180785542,0.8993902206420898
