,loss,acc
train,0.24864080527226246,0.8880876898765564
val,0.30133076817823895,0.8861707448959351
test,0.33719471817821023,0.8816056847572327
