,loss,acc
train,0.20741948163239454,0.9134698510169983
val,0.31584570320677413,0.8776834607124329
test,0.40449752613175205,0.8556910753250122
