,loss,acc
train,0.33439009802328395,0.8762618899345398
val,31.285014567229965,0.13929106295108795
test,19.684193006375942,0.07469512522220612
