,loss,acc
train,0.19888364487760926,0.9172195196151733
val,0.4110990821556395,0.8766849637031555
test,0.37489041374860016,0.8714430928230286
