,loss,acc
train,0.24711962536897136,0.9069800972938538
val,0.3939110046913787,0.8856714963912964
test,0.5086144374880365,0.8501016497612
