,loss,acc
train,0.13367196019896865,0.9460628628730774
val,0.2398051442783019,0.9086370468139648
test,0.29914558375617717,0.889735758304596
