,loss,acc
train,0.1906947220138666,0.9167868494987488
val,0.4092710323137042,0.8751872181892395
test,0.5616849743859554,0.834857702255249
