,loss,acc
train,0.13119987052101625,0.9385635852813721
val,0.34897137053508015,0.8876684904098511
test,0.3469050108773134,0.8988820910453796
