,loss,acc
train,0.1379062541227821,0.9402942061424255
val,0.19545253667900458,0.9395906329154968
test,0.3690703660704014,0.8988820910453796
