,loss,acc
train,0.16223913417414007,0.9260167479515076
val,0.33084892002838706,0.8821767568588257
test,0.4071875236194005,0.880081295967102
