,loss,acc
train,0.17557906431559916,0.9263051748275757
val,0.3456000868552813,0.884672999382019
test,0.3642463000203536,0.8658536672592163
