,loss,acc
train,0.15117425535275528,0.939861536026001
val,0.3244347917683203,0.8961557745933533
test,0.32166565832780386,0.889735758304596
