,loss,acc
train,0.12968551159941386,0.9423132538795471
val,0.1851669026318337,0.935097336769104
test,0.3138250556956159,0.9095528721809387
