,loss,acc
train,0.1888909653250374,0.9209691286087036
val,0.3259814601806302,0.8921617865562439
test,0.3602127040759092,0.8734756112098694
