,loss,acc
train,0.13231875152051076,0.9413037300109863
val,0.2761504757331979,0.9345980882644653
test,0.510469966593075,0.8846544623374939
