,loss,acc
train,0.10071242871854569,0.9570233821868896
val,0.30639278223060157,0.9146280288696289
test,0.4400723747602887,0.8810975551605225
