,loss,acc
train,0.19721023336521376,0.9128929972648621
val,0.20690376706945854,0.9241138100624084
test,0.30392449102326624,0.9034552574157715
