,loss,acc
train,0.1453021092873302,0.9375540614128113
val,0.2728166838943274,0.9101347923278809
test,0.3576417151777967,0.8744918704032898
