,loss,acc
train,74394456.66215216,0.8764061331748962
val,1519642569.74601,0.349975049495697
test,177288046.981577,0.14329268038272858
