,loss,acc
train,0.14579586428919183,0.9366887807846069
val,0.25522444463049954,0.9181228280067444
test,0.3341155245434493,0.8866869807243347
