,loss,acc
train,22722107.498167273,0.7522353529930115
val,1423593184.7178922,0.19071392714977264
test,4071137.153995979,0.18953251838684082
