,loss,acc
train,0.18978339274858996,0.9182290434837341
val,0.20859563387130656,0.917124330997467
test,0.2932634632655881,0.9105691313743591
