,loss,acc
train,0.21750180610652475,0.9036630988121033
val,0.2434558439004796,0.9131302833557129
test,0.35612410462908145,0.8770325183868408
