,loss,acc
train,0.16555040068430157,0.9290452599525452
val,0.3077568514305118,0.8956565260887146
test,0.42497279360602663,0.8658536672592163
