,loss,acc
train,0.18859705332111118,0.9199596047401428
val,0.2881704937114278,0.8966550230979919
test,0.40104461961039684,0.8582317233085632
