,loss,acc
train,0.17181204790869992,0.9270262718200684
val,0.23334097106398433,0.9166250824928284
test,0.19549239757735798,0.9329268336296082
