,loss,acc
train,0.1848347290313741,0.9215459823608398
val,0.21829156934679358,0.9186220765113831
test,0.19159095434517395,0.9334349632263184
