,loss,acc
train,0.2757747157836531,0.8869339227676392
val,0.32096689975208126,0.8876684904098511
test,0.33861873510891827,0.8546748161315918
