,loss,acc
train,0.21338395168776467,0.9131814241409302
val,0.32729335928440867,0.8871692419052124
test,0.3587832345468242,0.8729674816131592
