,loss,acc
train,0.15955450388954376,0.9561580419540405
val,6.147361169204197,0.37493759393692017
test,0.3910681605878536,0.8628048896789551
