,loss,acc
train,0.154500433741103,0.9384194016456604
val,0.1814018315819282,0.9420868754386902
test,0.3015258580680967,0.9014227390289307
