,loss,acc
train,0.23114874747100672,0.9139025211334229
val,0.3168952730012369,0.8821767568588257
test,0.4304974167115562,0.8495935201644897
