,loss,acc
train,0.10326509359796106,0.9588981866836548
val,0.24862879548729566,0.930604100227356
test,0.30320022978305977,0.8963414430618286
