,loss,acc
train,0.17281626216113086,0.9296221733093262
val,0.259220203540055,0.9111332893371582
test,0.20428302370738693,0.922764241695404
