,loss,acc
train,0.2462865589484723,0.8963080644607544
val,0.332421939282553,0.8801797032356262
test,0.31988619443604616,0.8709349632263184
