,loss,acc
train,0.1519292214601149,0.9349581599235535
val,0.2648265101331743,0.9136295318603516
test,0.19517827530701956,0.920223593711853
