,loss,acc
train,0.09169259306532553,0.9679838418960571
val,0.30902554778102276,0.884672999382019
test,13.918464026800017,0.1356707364320755
