,loss,acc
train,0.16593439904970225,0.9286126494407654
val,0.2934845716609279,0.8856714963912964
test,0.414399282514625,0.8617886304855347
