,loss,acc
train,0.19629649901969445,0.917363703250885
val,0.2805529723406076,0.9046430587768555
test,0.2851010968726946,0.9019308686256409
