,loss,acc
train,0.19046728938542906,0.9152004718780518
val,0.25175673914473473,0.9086370468139648
test,0.3894628964637111,0.8709349632263184
