,loss,acc
train,0.16472951343961603,0.9274588823318481
val,0.29084323581328586,0.898152768611908
test,0.3135817756997497,0.9126016497612
