,loss,acc
train,0.1730661175400717,0.9238534569740295
val,0.24441605206733338,0.9226160645484924
test,0.3261623489784031,0.8871951103210449
