,loss,acc
train,0.2727770730487751,0.8823190331459045
val,0.2929919524545141,0.898152768611908
test,0.40588468288987634,0.8678861856460571
