,loss,acc
train,0.88546455595003,0.7946351170539856
val,16.00512072496038,0.30853718519210815
test,0.973333097812606,0.7850610017776489
