,loss,acc
train,0.22886027395859562,0.9121719002723694
val,0.3455332301583102,0.8776834607124329
test,0.6035188532517692,0.8252032399177551
