,loss,acc
train,0.2674474296505763,0.9231324195861816
val,0.23812143762651283,0.9326010942459106
test,0.3763401273645582,0.8821138143539429
