,loss,acc
train,0.2552821687238685,0.8927026391029358
val,0.31082590047085934,0.8926610350608826
test,0.4033991145954384,0.855182945728302
