,loss,acc
train,0.15332489072234792,0.933804452419281
val,0.22826427564255547,0.9331003427505493
test,0.4430932234064108,0.8816056847572327
