,loss,acc
train,0.21290566251734888,0.9183732271194458
val,0.39655652245728895,0.8716924786567688
test,11.619740082965635,0.08587398380041122
