,loss,acc
train,0.21258823996002002,0.9169310927391052
val,0.3770302809064411,0.883175253868103
test,0.4667581799780814,0.8689024448394775
