,loss,acc
train,0.26267518832278175,0.898327112197876
val,0.33867114215449456,0.8881677389144897
test,0.47348051163844945,0.8582317233085632
