,loss,acc
train,0.19822857727976004,0.9270262718200684
val,0.34194927193555485,0.8986520171165466
test,0.3682265002356191,0.8983739614486694
