,loss,acc
train,0.13460694724888111,0.9460628628730774
val,0.4124678972582191,0.8911632299423218
test,0.49669000369920663,0.8851625919342041
