,loss,acc
train,0.10498337927759946,0.9596192836761475
val,0.18816200710151434,0.9355965852737427
test,0.2513280372512508,0.9222561120986938
