,loss,acc
train,0.1290747675144003,0.9466397166252136
val,0.30023324664791884,0.9241138100624084
test,0.318498154148096,0.9070122241973877
