,loss,acc
train,0.21357618001154546,0.919526994228363
val,0.3042966752009456,0.9046430587768555
test,0.3277253294136466,0.897357702255249
