,loss,acc
train,0.16453958083578646,0.9346697330474854
val,0.3627550925834442,0.8911632299423218
test,0.5607160339557861,0.8653455376625061
