,loss,acc
train,0.14065191516465203,0.946495532989502
val,0.23892170723473735,0.9276086091995239
test,0.27956237681768453,0.9329268336296082
