,loss,acc
train,0.6677450414243059,0.7389674186706543
val,0.6939936683467193,0.747378945350647
test,0.6901017343549709,0.7616869807243347
