,loss,acc
train,0.09028834216180363,0.9636573195457458
val,0.5306756365346837,0.898152768611908
test,0.7391783246610548,0.8755081295967102
