,loss,acc
train,0.09114793100682542,0.966109037399292
val,0.44059812632836154,0.9061408042907715
test,0.49418378818524167,0.9059959053993225
