,loss,acc
train,0.10706297690134102,0.9567349553108215
val,0.3517260067313686,0.8951572775840759
test,0.4263533681898583,0.8912601470947266
