,loss,acc
train,0.12605165591956743,0.9489471912384033
val,0.3385476549352276,0.9056415557861328
test,0.3154315450749307,0.9105691313743591
