,loss,acc
train,0.14040430772051382,0.9413037300109863
val,0.2787448835665666,0.9261108040809631
test,0.2510209542649942,0.9314024448394775
