,loss,acc
train,0.7123688512777505,0.718777060508728
val,0.7354263924266836,0.7348976731300354
test,0.7137583067140928,0.7444105744361877
