,loss,acc
train,0.5615955771160999,0.807470440864563
val,0.8064422666658269,0.7728407382965088
test,0.6153196812648992,0.7947154641151428
