,loss,acc
train,0.29897683526622737,0.8847706913948059
val,0.4831620627568772,0.8142786026000977
test,0.43079265329820704,0.8714430928230286
