,loss,acc
train,0.0968571959599712,0.9603403806686401
val,0.2091726650756288,0.933599591255188
test,0.2485395427810419,0.932418704032898
