,loss,acc
train,0.1770026521219458,0.9317854046821594
val,0.26438062991788847,0.9106340408325195
test,0.25532481049725075,0.9049796462059021
