,loss,acc
train,0.19377180333629376,0.9343813061714172
val,0.2691635431138742,0.930604100227356
test,0.2672856873037612,0.9232723712921143
