,loss,acc
train,0.11272218973486904,0.9475050568580627
val,0.28986433480182294,0.9176235795021057
test,0.26783838606183036,0.9268292784690857
