,loss,acc
train,0.09674024658491998,0.9576002359390259
val,0.3163063523226617,0.9181228280067444
test,0.3039206418084436,0.9217479825019836
