,loss,acc
train,0.10581160753310477,0.9526968598365784
val,0.2188267039346192,0.9340988397598267
test,0.34247943901999217,0.9131097793579102
