,loss,acc
train,0.15047371339450297,0.9366887807846069
val,0.2446039082241606,0.9196205735206604
test,0.3166660968113948,0.9059959053993225
