,loss,acc
train,0.07505669798198385,0.9678396582603455
val,0.3993336771444208,0.9086370468139648
test,0.4330554342931856,0.9070122241973877
