,loss,acc
train,0.18048449499865138,0.9254398345947266
val,0.319974344489697,0.9061408042907715
test,0.3535180389275396,0.8912601470947266
