,loss,acc
train,0.11357667633631291,0.9552927613258362
val,0.39384600160065975,0.9031452536582947
test,0.30048846326699424,0.9171748161315918
