,loss,acc
train,0.6282993220684677,0.7476204037666321
val,0.6913345076117704,0.7368946671485901
test,0.7307903595208153,0.7469512224197388
