,loss,acc
train,0.21064968681366394,0.9219786524772644
val,0.38251483026767336,0.8861707448959351
test,0.5042241430137215,0.8678861856460571
