,loss,acc
train,0.11981040716868241,0.9502451419830322
val,0.2773516402553766,0.9241138100624084
test,0.411886899286704,0.9207317233085632
