,loss,acc
train,0.4681689967279101,0.8116527199745178
val,0.45550837606950456,0.8382426500320435
test,0.4122719677483163,0.8541666865348816
