,loss,acc
train,0.41488127945082864,0.8501586318016052
val,0.404068727345688,0.8711932301521301
test,0.4197363615702323,0.8556910753250122
