,loss,acc
train,0.16859172640625147,0.9299106001853943
val,0.19140026075984024,0.93659508228302
test,0.2130901211781836,0.9308943152427673
