,loss,acc
train,0.615761678011506,0.7389674186706543
val,0.7000551399325229,0.7463804483413696
test,0.5929543695192996,0.7870935201644897
