,loss,acc
train,0.12725158876175796,0.9473608136177063
val,0.181073752693605,0.9420868754386902
test,0.29137522453468007,0.9105691313743591
