,loss,acc
train,0.12733976630924335,0.9614940881729126
val,0.297210134800172,0.9146280288696289
test,0.32582329651265124,0.9186992049217224
