,loss,acc
train,0.13896404932962603,0.9418805837631226
val,0.17176960935956587,0.9460808634757996
test,0.25042586166570646,0.9192073345184326
