,loss,acc
train,0.126877082007708,0.9633688926696777
val,0.28234256306199124,0.9121317863464355
test,0.3034464601253167,0.9161585569381714
