,loss,acc
train,0.19319217557123536,0.925584077835083
val,0.31436331521792227,0.9116325378417969
test,0.3874243868636043,0.8821138143539429
