,loss,acc
train,0.7395661751268782,0.7081049680709839
val,0.7572090463881128,0.7259111404418945
test,0.7466912220527486,0.7378048896789551
