,loss,acc
train,0.09106664189383075,0.9535621404647827
val,0.2783175103289191,0.930604100227356
test,0.3108489261250237,0.9288617968559265
