,loss,acc
train,0.1664166021921527,0.9299106001853943
val,0.39990697630006433,0.8786819577217102
test,0.41956810410535794,0.8902438879013062
