,loss,acc
train,0.9995786747259884,0.6109027862548828
val,0.9721170530519185,0.6315526962280273
test,0.8931782558196928,0.6595528721809387
