,loss,acc
train,0.12549555673849436,0.9466397166252136
val,0.3547592725692186,0.9016475081443787
test,0.4178953445331966,0.8943089246749878
