,loss,acc
train,0.17531759337043132,0.9278915524482727
val,0.2309888688158346,0.9261108040809631
test,0.2882514562878031,0.9247967600822449
