,loss,acc
train,0.09914969442712311,0.9558696150779724
val,0.322412289273602,0.9166250824928284
test,0.35746514371253657,0.9014227390289307
