,loss,acc
train,0.21773677392837756,0.9203922748565674
val,0.296222863773733,0.9086370468139648
test,0.33316912198802684,0.9070122241973877
