,loss,acc
train,0.16139280837213596,0.9340928792953491
val,0.26337237514023537,0.9176235795021057
test,0.2593593841676063,0.9136179089546204
