,loss,acc
train,0.07622754376517334,0.9678396582603455
val,0.43334751512113207,0.9076385498046875
test,0.5750943814258211,0.9019308686256409
