,loss,acc
train,0.07528930882206823,0.9685606956481934
val,0.5422973783851355,0.8966550230979919
test,0.5806635856870122,0.892276406288147
