,loss,acc
train,0.1789980787525444,0.9268820285797119
val,0.37283617129369906,0.8991512656211853
test,0.41439543882521185,0.8953251838684082
