,loss,acc
train,0.12345962901724784,0.9463512897491455
val,0.2282517260043727,0.9251123070716858
test,0.31715837541832287,0.9161585569381714
