,loss,acc
train,0.6209358673060288,0.7506489753723145
val,0.6623155751111682,0.7523714303970337
test,0.6338063188169788,0.7688007950782776
