,loss,acc
train,0.07339392054259994,0.9684165120124817
val,0.37393177566464936,0.9166250824928284
test,0.38133548768351694,0.9207317233085632
