,loss,acc
train,0.8211030338764328,0.6645514965057373
val,0.7683543895877604,0.7004493474960327
test,0.7345216889691547,0.7251016497612
