,loss,acc
train,0.14282508870279984,0.9417364001274109
val,0.18195145462625215,0.9355965852737427
test,0.245265648515736,0.9253048896789551
