,loss,acc
train,0.1371665812302031,0.9423132538795471
val,0.18289257353055466,0.9395906329154968
test,0.2367703409882535,0.9258130192756653
