,loss,acc
train,0.2245801811531669,0.9144793748855591
val,0.26820840130462925,0.9176235795021057
test,0.3263245901562334,0.8993902206420898
