,loss,acc
train,0.12095699911858343,0.9601961374282837
val,0.21774930504619838,0.9291063547134399
test,0.31228566627674526,0.9126016497612
