,loss,acc
train,0.13320212385721986,0.9415921568870544
val,0.156884686708919,0.9515726566314697
test,0.23207199746767454,0.9242886304855347
