,loss,acc
train,0.14064136410617187,0.9477934837341309
val,0.38224815887864444,0.8926610350608826
test,0.37917761903680197,0.9009146094322205
