,loss,acc
train,0.706072304437578,0.718777060508728
val,0.7248866831250508,0.7319021224975586
test,0.6968353546671266,0.7494918704032898
