,loss,acc
train,0.07380830132774824,0.9672627449035645
val,0.3389906146310417,0.9131302833557129
test,0.4422350484539818,0.9080284833908081
