,loss,acc
train,0.17816548205198646,0.9304874539375305
val,0.4549021915799073,0.8821767568588257
test,0.4990541734467677,0.869918704032898
