,loss,acc
train,0.1424563699670792,0.941447913646698
val,0.16289953060338438,0.9515726566314697
test,0.26286604617461107,0.9131097793579102
