,loss,acc
train,0.41909889857501503,0.8487164974212646
val,0.5076340220597049,0.8387418985366821
test,0.5040529178288894,0.8267276287078857
