,loss,acc
train,1.009030254526031,0.6019613742828369
val,0.9698352997623202,0.6275586485862732
test,0.918912853530752,0.6631097793579102
