,loss,acc
train,0.05524618502582947,0.9780790209770203
val,0.46088133118223995,0.9121317863464355
test,0.4809567318357077,0.9059959053993225
