,loss,acc
train,0.10018412943185494,0.959475040435791
val,0.33155023645380854,0.9146280288696289
test,0.44881613689997213,0.8887194991111755
