,loss,acc
train,0.08228338735252795,0.9638015627861023
val,0.3943161217700848,0.9261108040809631
test,0.4274957540540386,0.9126016497612
