,loss,acc
train,0.0898344050485435,0.9614940881729126
val,0.49980952245142835,0.8916624784469604
test,0.5505549201862016,0.8841463327407837
