,loss,acc
train,4.990303120118922,0.9201038479804993
val,31.60664986704992,0.9151273369789124
test,55.10774204520389,0.9263211488723755
