,loss,acc
train,0.15424336148826187,0.9336602091789246
val,0.2253595993808074,0.9340988397598267
test,0.2553076491789605,0.9120935201644897
