,loss,acc
train,0.11287429262514266,0.9558696150779724
val,0.38052667267955337,0.9061408042907715
test,0.48935301408890497,0.8846544623374939
