,loss,acc
train,419.4283481593388,0.8475627303123474
val,95.64655213699552,0.8397403955459595
test,87.39337017310062,0.8546748161315918
