,loss,acc
train,0.14272905650351633,0.9401499629020691
val,0.20065128368976945,0.9435846209526062
test,0.2611699664110613,0.9171748161315918
