,loss,acc
train,0.15906768718147168,0.9329391121864319
val,0.3245234493606994,0.9056415557861328
test,0.37782612938161303,0.9039633870124817
