,loss,acc
train,0.12832337923451773,0.9417364001274109
val,0.3315401085163269,0.8956565260887146
test,0.3744806641621924,0.8978658318519592
