,loss,acc
train,0.10384722842139461,0.9519757628440857
val,0.31001775705074985,0.9181228280067444
test,0.3682597623829213,0.9100610017776489
