,loss,acc
train,0.13195575809684848,0.9413037300109863
val,0.3007821161234849,0.9086370468139648
test,0.4588590233465581,0.869918704032898
