,loss,acc
train,0.15355925069427354,0.9340928792953491
val,0.24261470645651242,0.9236145615577698
test,0.3223977817621885,0.897357702255249
