,loss,acc
train,0.19995530650668644,0.9281799793243408
val,0.3680739438033854,0.8861707448959351
test,0.404037918032306,0.8841463327407837
