,loss,acc
train,0.0909658798853643,0.964522659778595
val,0.3155436181778082,0.9031452536582947
test,0.32914722759780146,0.9161585569381714
