,loss,acc
train,0.25146413896418734,0.9051052927970886
val,0.4198766877085223,0.8666999340057373
test,0.44957397404937,0.880081295967102
