,loss,acc
train,0.6524717397053028,0.7331987023353577
val,0.7022351744885571,0.7304043769836426
test,0.6270840412111787,0.7759146094322205
