,loss,acc
train,0.548210601848589,0.7740120887756348
val,0.6034525834912964,0.7713429927825928
test,0.480874267535481,0.8328251838684082
