,loss,acc
train,0.19518386500500484,0.918950080871582
val,0.5431864613660621,0.8681976795196533
test,0.48959278715092963,0.8704268336296082
