,loss,acc
train,0.8659999294242495,0.6512835025787354
val,0.7942393939612927,0.6959560513496399
test,0.8104851291916235,0.6869918704032898
