,loss,acc
train,0.09426147990123734,0.9666858911514282
val,0.502548371225396,0.9186220765113831
test,0.6417430058879801,0.8932926654815674
