,loss,acc
train,0.13973404560770336,0.943611204624176
val,0.35987046285877883,0.9146280288696289
test,0.4464341251717169,0.894817054271698
