,loss,acc
train,0.1121222817410088,0.9515430927276611
val,0.33090026014825286,0.9191213250160217
test,0.3236066992896253,0.9192073345184326
