,loss,acc
train,0.11821329098173919,0.9450533390045166
val,0.2616227828749677,0.9221168160438538
test,0.3818288164287124,0.9049796462059021
