,loss,acc
train,0.36150993188649183,0.9182290434837341
val,0.39919801632940205,0.9291063547134399
test,0.3519429500419192,0.9405487775802612
