,loss,acc
train,0.07105435989444414,0.9705797433853149
val,0.3530646073039113,0.9071393013000488
test,0.4295054838757636,0.9065040946006775
