,loss,acc
train,0.12404358140441069,0.9443323016166687
val,0.1763936904246472,0.9445831179618835
test,0.27851962016391896,0.9237805008888245
