,loss,acc
train,0.1014506715486986,0.9620709419250488
val,0.4189373230077122,0.8906639814376831
test,0.532526416777883,0.8790650367736816
