,loss,acc
train,0.6281603844753081,0.7466108798980713
val,0.6595805375443895,0.7463804483413696
test,0.602697464145296,0.7860772609710693
