,loss,acc
train,0.09344580631601036,0.9635131359100342
val,0.4973556627810031,0.8786819577217102
test,0.5868730439105411,0.8785569071769714
