,loss,acc
train,0.15321558330074825,0.9348139762878418
val,0.38286701398257666,0.8906639814376831
test,0.46496897038617513,0.8836382031440735
