,loss,acc
train,0.1962659572032749,0.9211133718490601
val,0.24354863347958994,0.9131302833557129
test,0.30331873130507586,0.9029471278190613
