,loss,acc
train,0.06893705525139113,0.9736083149909973
val,0.4480709873685145,0.9201198220252991
test,0.4546565276129136,0.9237805008888245
