,loss,acc
train,0.0929895492444253,0.9584655165672302
val,0.30790468569937024,0.9271093606948853
test,0.41356794579678163,0.9059959053993225
