,loss,acc
train,0.29207356119373146,0.8906835913658142
val,0.38110810534631495,0.8532201647758484
test,0.36011522376864424,0.9105691313743591
