,loss,acc
train,0.09237579801141921,0.9669743180274963
val,0.46645087633117815,0.9136295318603516
test,0.6299138943305457,0.8892276287078857
