,loss,acc
train,0.10585595098320208,0.9567349553108215
val,0.2765017071160773,0.9236145615577698
test,0.32181232114426833,0.9192073345184326
