,loss,acc
train,0.26547975019469344,0.9039515256881714
val,0.47822019245049624,0.8227658271789551
test,0.4352384910699192,0.8826219439506531
