,loss,acc
train,0.11416445463129007,0.9502451419830322
val,0.27638512973209145,0.9266101121902466
test,0.30618031718294947,0.9207317233085632
