,loss,acc
train,0.7134636297138617,0.7167580127716064
val,0.7604059214242029,0.7159261107444763
test,0.7269261170451234,0.7372967600822449
