,loss,acc
train,0.6547877897369027,0.7356504201889038
val,0.7076834051595946,0.7294058799743652
test,0.653021562420498,0.7545731663703918
