,loss,acc
train,0.07941455027734784,0.9689933657646179
val,0.3676856255760445,0.9116325378417969
test,0.434769894069813,0.8983739614486694
