,loss,acc
train,0.07620644512574251,0.9633688926696777
val,0.3409175134119002,0.9331003427505493
test,0.3925737037937193,0.9217479825019836
