,loss,acc
train,0.17569478018412016,0.9258725047111511
val,0.25835601685645876,0.9241138100624084
test,0.2858686696196626,0.9070122241973877
