,loss,acc
train,0.12024969990004376,0.9479377269744873
val,0.3425834581615795,0.9126310348510742
test,0.471023723973355,0.8927845358848572
