,loss,acc
train,0.1743492880666694,0.928756833076477
val,0.2614390743348638,0.9236145615577698
test,0.29391380735650297,0.9222561120986938
