,loss,acc
train,0.7528678905922637,0.7004615068435669
val,0.7774523703146148,0.7239141464233398
test,0.7236460746546102,0.7296748161315918
