,loss,acc
train,0.170642640032809,0.9453417658805847
val,0.33487836616713584,0.8766849637031555
test,0.3485010175102549,0.9110772609710693
