,loss,acc
train,0.08312537961251536,0.9652436971664429
val,0.4593988976455738,0.8861707448959351
test,0.6719873119306531,0.8739837408065796
