,loss,acc
train,0.12670557256782644,0.9488030076026917
val,0.19628942209001607,0.9355965852737427
test,0.28066848776950615,0.9385162591934204
