,loss,acc
train,0.15141055813391768,0.9379867315292358
val,0.3622367300439107,0.8911632299423218
test,0.36999549735640364,0.8932926654815674
