,loss,acc
train,0.10018544075319263,0.9537063837051392
val,0.2768343200435638,0.930604100227356
test,0.3148716667943163,0.9217479825019836
