,loss,acc
train,0.16543214129310752,0.9327949285507202
val,0.23220879393915683,0.9211183190345764
test,0.26965578530756074,0.9085366129875183
