,loss,acc
train,0.1102162750248408,0.9593308568000793
val,0.335313481478187,0.9221168160438538
test,0.46906265316055934,0.8663617968559265
