,loss,acc
train,0.13610679968503334,0.941447913646698
val,0.2353261568505899,0.930604100227356
test,0.24881477690135256,0.9314024448394775
