,loss,acc
train,0.5196478979488529,0.8674646615982056
val,0.5558446213655096,0.8751872181892395
test,0.5360049287962719,0.8663617968559265
