,loss,acc
train,0.48645303362912257,0.8103547692298889
val,0.5256153385280908,0.818272590637207
test,0.4141809495726252,0.834857702255249
