,loss,acc
train,0.8677939717075754,0.6550331711769104
val,0.8516883049615906,0.667498767375946
test,0.7891781022393607,0.7057926654815674
