,loss,acc
train,0.15839595736934123,0.9374098777770996
val,0.24258254827765066,0.9191213250160217
test,0.29335473437710263,0.9054877758026123
