,loss,acc
train,0.10206429841709255,0.9555811882019043
val,0.27072349776705906,0.9286071062088013
test,0.31182719961793554,0.9186992049217224
