,loss,acc
train,0.07526695105014501,0.9694260358810425
val,0.3390658295253516,0.9201198220252991
test,0.42654161563650556,0.9222561120986938
