,loss,acc
train,0.13735114696511114,0.9463512897491455
val,0.37395157677289315,0.8876684904098511
test,0.41403884712106936,0.8816056847572327
