,loss,acc
train,0.14104411469484426,0.9441880583763123
val,0.24316743927920834,0.9291063547134399
test,0.39187496879736217,0.892276406288147
