,loss,acc
train,0.6544215267549374,0.7303143739700317
val,0.6870008449940103,0.753369927406311
test,0.6108499805677713,0.7662601470947266
