,loss,acc
train,0.655900540615249,0.7679550051689148
val,0.7053285687789879,0.7833250164985657
test,0.7032142659512962,0.7693089246749878
