,loss,acc
train,0.18435194147527775,0.9276031255722046
val,0.4034118635381869,0.8876684904098511
test,0.4451609226208695,0.8785569071769714
