,loss,acc
train,0.6458169984686846,0.7470435500144958
val,0.7068784369627238,0.7383924126625061
test,0.6660954354982066,0.7555894255638123
