,loss,acc
train,0.6899908382971004,0.7239688634872437
val,0.7366424602564727,0.7244133949279785
test,0.7217941637022224,0.7398374080657959
