,loss,acc
train,0.6469775967607245,0.7336313724517822
val,0.674517962852836,0.748876690864563
test,0.599538286163555,0.7688007950782776
