,loss,acc
train,0.18018608262511532,0.9290452599525452
val,0.4468003881614445,0.8736894726753235
test,0.4464190812948031,0.8770325183868408
