,loss,acc
train,0.10110844918610544,0.9583213329315186
val,0.1995813493081938,0.9311033487319946
test,0.36008030377221684,0.9273374080657959
