,loss,acc
train,0.14045969679422174,0.9385635852813721
val,0.18129912659403122,0.9375936388969421
test,0.247246783601529,0.9181910753250122
