,loss,acc
train,0.11549010348714221,0.9508220553398132
val,0.3081202097364975,0.9221168160438538
test,0.3615311334549442,0.8983739614486694
