,loss,acc
train,0.12890738407281033,0.9438996315002441
val,0.15557710816586204,0.9455816149711609
test,0.24163492317680588,0.9222561120986938
