,loss,acc
train,0.12395261497313884,0.948081910610199
val,0.23279083635020095,0.9221168160438538
test,0.29186508856763227,0.9156504273414612
