,loss,acc
train,1.0135644775561994,0.611479640007019
val,0.9587392626080106,0.6360459327697754
test,0.932132949189442,0.6636179089546204
