,loss,acc
train,0.6637374188375982,0.8364580273628235
val,0.7401350566404079,0.8172740936279297
test,0.6557122548905815,0.8836382031440735
