,loss,acc
train,0.14679807506704218,0.9408710598945618
val,0.2412454500623304,0.9226160645484924
test,0.29371644899900246,0.915142297744751
