,loss,acc
train,0.10648638325634428,0.9498125314712524
val,0.29082708894398346,0.9161258339881897
test,0.33989524244928515,0.9171748161315918
