,loss,acc
train,0.20845884064823295,0.9182290434837341
val,0.37757271552050164,0.8766849637031555
test,0.40774542800476393,0.8694105744361877
