,loss,acc
train,0.7133167680897697,0.7160369157791138
val,0.7484072308747458,0.7294058799743652
test,0.7530651598320743,0.7169715166091919
