,loss,acc
train,0.18295182517410977,0.9241418838500977
val,0.31423537788751776,0.9066400527954102
test,0.32189494700784366,0.8983739614486694
