,loss,acc
train,0.125084729295037,0.9498125314712524
val,0.20747963091543598,0.9161258339881897
test,0.29034494645884107,0.9319105744361877
