,loss,acc
train,0.09804333349589896,0.9541390538215637
val,0.37388684987720555,0.9056415557861328
test,0.36048797653253073,0.8988820910453796
