,loss,acc
train,0.10454426870772947,0.9552927613258362
val,0.28712560225294875,0.9061408042907715
test,0.43577211343328853,0.8734756112098694
