,loss,acc
train,0.13459660767742693,0.942024827003479
val,0.2787790553559676,0.9121317863464355
test,0.4193798399840792,0.9029471278190613
