,loss,acc
train,0.6488321620636796,0.7382463216781616
val,0.6997033865881513,0.7413879036903381
test,0.6956834045004069,0.7413617968559265
