,loss,acc
train,0.13397836045128084,0.9434669613838196
val,0.1839062005980754,0.935097336769104
test,0.2752909043271897,0.9217479825019836
