,loss,acc
train,0.2154712061963724,0.8974617719650269
val,0.2384159482966251,0.8911632299423218
test,0.26961084263923585,0.9273374080657959
