,loss,acc
train,0.15442650317167958,0.9454860091209412
val,0.39677391579552285,0.8881677389144897
test,0.4568801256032979,0.8805894255638123
