,loss,acc
train,0.16432375020613743,0.9427458643913269
val,0.4046627549427602,0.8896654844284058
test,0.45981680032441286,0.8821138143539429
