,loss,acc
train,0.1480436003186892,0.9402942061424255
val,0.23751609836794768,0.9251123070716858
test,0.28545414487184384,0.9131097793579102
