,loss,acc
train,0.11337494219078392,0.9538505673408508
val,0.4139098044586216,0.8946580290794373
test,0.39464536148081264,0.8968495726585388
