,loss,acc
train,0.10933511982917196,0.9545716643333435
val,0.300840867611687,0.9216175675392151
test,0.3239051106223095,0.9171748161315918
