,loss,acc
train,0.19612381444185034,0.9193827509880066
val,0.38898782196249654,0.8811782598495483
test,0.505338986267949,0.8582317233085632
