,loss,acc
train,,0.16483992338180542
val,,0.14428357779979706
test,,0.1463414579629898
