,loss,acc
train,0.14896007016684482,0.9431785345077515
val,0.3774937396191146,0.9056415557861328
test,0.504920791940597,0.8704268336296082
