,loss,acc
train,0.09918383184865005,0.9588981866836548
val,0.3226014354651681,0.9096355438232422
test,0.420771702227743,0.8821138143539429
