,loss,acc
train,0.1183501484072927,0.9513989090919495
val,0.2870292506751214,0.9131302833557129
test,0.2809809809967088,0.9156504273414612
