,loss,acc
train,0.5949826314121287,0.7676665782928467
val,0.6797907933019961,0.745881199836731
test,0.5186031506798132,0.7911585569381714
