,loss,acc
train,0.10511534096933899,0.9591866135597229
val,0.3475311624404197,0.9191213250160217
test,0.4452501460933505,0.875
