,loss,acc
train,0.14990807116292348,0.9395731091499329
val,0.23600680408585506,0.9246130585670471
test,0.3619012997042751,0.8871951103210449
