,loss,acc
train,0.12958229063449253,0.9454860091209412
val,0.164907704973691,0.9460808634757996
test,0.2779083475735553,0.917682945728302
