,loss,acc
train,0.08772155550643097,0.9643784165382385
val,0.3361617003388971,0.9236145615577698
test,0.41780189975433746,0.9131097793579102
