,loss,acc
train,0.12499470015456414,0.9459186792373657
val,0.19526783750972307,0.9311033487319946
test,0.2716140533888304,0.9375
