,loss,acc
train,0.14328035032363384,0.9387078285217285
val,0.19135806285666931,0.9380928874015808
test,0.25242351299332555,0.9207317233085632
