,loss,acc
train,0.12694407338052024,0.9513989090919495
val,0.3501736080525996,0.9161258339881897
test,0.4826361905306396,0.8628048896789551
