,loss,acc
train,0.19370319768555413,0.9234208464622498
val,0.29433360105148865,0.9106340408325195
test,0.4319739207110512,0.8780487775802612
