,loss,acc
train,0.2540559469935298,0.8937121629714966
val,0.5237976311716701,0.8362456560134888
test,0.44815755592341106,0.8856707215309143
