,loss,acc
train,0.21095035486041486,0.9188058972358704
val,0.3807077381203785,0.8761857151985168
test,0.460992467990978,0.8709349632263184
