,loss,acc
train,0.09364144605281434,0.9636573195457458
val,0.24021668657400105,0.9216175675392151
test,0.27466040064118863,0.9080284833908081
