,loss,acc
train,0.6318028608419244,0.7564176321029663
val,0.7266146063923657,0.7433848977088928
test,0.5919538721805666,0.8033536672592163
