,loss,acc
train,0.07336090172971345,0.9697144627571106
val,0.3787869286913605,0.9096355438232422
test,0.6158352750487056,0.8694105744361877
