,loss,acc
train,0.1292895956806722,0.9477934837341309
val,0.2214438580641457,0.9246130585670471
test,0.35023642894414414,0.8943089246749878
