,loss,acc
train,0.06502898315164556,0.9708681702613831
val,0.4726845312034093,0.9076385498046875
test,0.5250496017489662,0.8810975551605225
