,loss,acc
train,0.16979202019109277,0.9364003539085388
val,0.40232649425447314,0.8856714963912964
test,0.4147362560601678,0.8704268336296082
