,loss,acc
train,0.18088098148203743,0.9286126494407654
val,0.3614416019316843,0.8971542716026306
test,0.4368047294437855,0.8729674816131592
