,loss,acc
train,0.6162521275674228,0.7516584992408752
val,0.6605375997435731,0.7478781938552856
test,0.6612664460227257,0.752540647983551
