,loss,acc
train,0.14028739757789663,0.948081910610199
val,0.31471515057819577,0.9106340408325195
test,0.34119144120401274,0.8917682766914368
