,loss,acc
train,0.1745899396010747,0.9296221733093262
val,0.2670372669499961,0.9151273369789124
test,0.3036124494789941,0.9004064798355103
