,loss,acc
train,1.2700370142312003,0.9488030076026917
val,0.2361959362221455,0.9340988397598267
test,0.31535134800190173,0.9080284833908081
