,loss,acc
train,0.4202980190200606,0.8459763526916504
val,0.693389791704917,0.7803295254707336
test,0.6470542332475505,0.8221544623374939
