,loss,acc
train,0.21257028223869864,0.9232766032218933
val,0.4977267416964991,0.8806789517402649
test,0.5812098012888819,0.8328251838684082
