,loss,acc
train,0.3495786381336877,0.8710700869560242
val,0.6046118266690808,0.8382426500320435
test,0.5571249136701226,0.8125
