,loss,acc
train,0.1302632909457152,0.948081910610199
val,0.18848468362541124,0.9311033487319946
test,0.24811105752019288,0.9207317233085632
