,loss,acc
train,0.21090869455111277,0.9166426062583923
val,0.49033397669739803,0.8766849637031555
test,0.45298482018818215,0.8587398529052734
