,loss,acc
train,0.15497504627704942,0.935390830039978
val,0.23086297892673843,0.9266101121902466
test,0.31080711228447416,0.9059959053993225
