,loss,acc
train,0.32692765198241813,0.880299985408783
val,0.4287756245194586,0.8781827092170715
test,0.45812394454832966,0.8455284833908081
