,loss,acc
train,0.09469614220359829,0.9656763672828674
val,0.46415618974650374,0.9016475081443787
test,0.545739047519855,0.8810975551605225
