,loss,acc
train,0.12659688472435124,0.956302285194397
val,0.2473590208317004,0.9271093606948853
test,0.2827374328086834,0.9039633870124817
