,loss,acc
train,0.5136622202101551,0.781799852848053
val,0.6038153504527811,0.7663504481315613
test,0.5632369372145674,0.7825203537940979
