,loss,acc
train,0.055654469081403646,0.9756273627281189
val,0.436170927279205,0.9271093606948853
test,0.5599151624331832,0.9034552574157715
