,loss,acc
train,0.6872304693178172,0.7225266695022583
val,0.7418008747543624,0.7259111404418945
test,0.7626175315884071,0.7093495726585388
