,loss,acc
train,0.28226726750779024,0.9000576734542847
val,0.4362869357250359,0.8387418985366821
test,0.452467810903956,0.8805894255638123
