,loss,acc
train,0.09468265529804662,0.9626477956771851
val,0.3829159132998643,0.9096355438232422
test,0.3526845878648867,0.8968495726585388
