,loss,acc
train,0.15465114135296495,0.936977207660675
val,0.4043614663299,0.9056415557861328
test,0.43918249506609347,0.8968495726585388
