,loss,acc
train,0.1330557267953469,0.9441880583763123
val,0.3304546137773481,0.9176235795021057
test,0.3261225680995208,0.9054877758026123
