,loss,acc
train,0.7317436594663246,0.6984424591064453
val,0.6919994572669461,0.7329006195068359
test,0.645432845000329,0.7581300735473633
