,loss,acc
train,0.6413420822341366,0.7356504201889038
val,0.6658208185711088,0.7448827028274536
test,0.6575858796893702,0.7535569071769714
