,loss,acc
train,0.23692487333671552,0.9160657525062561
val,0.5435387873673403,0.8352471590042114
test,0.35892995954226187,0.8932926654815674
