,loss,acc
train,0.3007270339280066,0.8989039659500122
val,0.4220856806068973,0.8921617865562439
test,0.36046207859748747,0.8993902206420898
