,loss,acc
train,0.09268047029380273,0.9625036120414734
val,0.4295399194333146,0.9146280288696289
test,0.43282636536951474,0.8978658318519592
