,loss,acc
train,0.10933071476574434,0.9577444195747375
val,0.45586384844483135,0.9031452536582947
test,0.41436749112004856,0.8841463327407837
