,loss,acc
train,0.0837237003838943,0.9633688926696777
val,0.6375860315311029,0.9051423072814941
test,0.6316834178817502,0.8719512224197388
