,loss,acc
train,0.6548700849218055,0.7383905649185181
val,0.761798482862521,0.7199200987815857
test,0.6788044445277229,0.7560975551605225
