,loss,acc
train,0.5549832481384828,0.7607441544532776
val,0.5923708574627854,0.7908138036727905
test,0.5627261823633822,0.7779471278190613
