,loss,acc
train,0.2976588717335956,0.8909720182418823
val,0.549139875980002,0.8696954846382141
test,0.5773092143112657,0.8231707215309143
