,loss,acc
train,0.1925206166315466,0.9254398345947266
val,0.42560545169839964,0.8986520171165466
test,0.4695771593274927,0.8734756112098694
