,loss,acc
train,0.14311968278097387,0.9385635852813721
val,0.21443192830427374,0.9316025972366333
test,0.2507337237546425,0.9161585569381714
