,loss,acc
train,0.06953601141562739,0.9769253134727478
val,0.43498775003644385,0.9086370468139648
test,0.4855976319446649,0.8709349632263184
