,loss,acc
train,0.17941991550397135,0.9229881763458252
val,0.40288708676294394,0.8552171587944031
test,0.30201248878355674,0.9085366129875183
