,loss,acc
train,0.5359979912118606,0.786558985710144
val,0.602726280361905,0.7698452472686768
test,0.49707226491555934,0.817581295967102
