,loss,acc
train,0.18563352051729087,0.9364003539085388
val,0.4849029544794851,0.8866699934005737
test,0.47048070209055415,0.8506097793579102
