,loss,acc
train,0.05934763491274455,0.9723103642463684
val,0.5832803677646624,0.9091362953186035
test,0.6290370768172254,0.894817054271698
