,loss,acc
train,0.2465702743882774,0.9092875719070435
val,0.505034208059668,0.8716924786567688
test,0.5219990449457815,0.8318089246749878
