,loss,acc
train,0.09761659076867422,0.9620709419250488
val,0.2424486912461486,0.9136295318603516
test,0.30615183500084664,0.9044715166091919
