,loss,acc
train,0.06428405653089149,0.9725987911224365
val,0.6971389540823114,0.8921617865562439
test,0.7901335663470557,0.8622967600822449
