,loss,acc
train,0.1251144933388446,0.951254665851593
val,0.30034022484787454,0.9001497626304626
test,0.2716633921093497,0.9065040946006775
