,loss,acc
train,0.06561855304363126,0.9738967418670654
val,0.5092643033091795,0.9106340408325195
test,0.6487332993328004,0.8704268336296082
