,loss,acc
train,0.07477336665674257,0.9725987911224365
val,0.5390142927572124,0.9046430587768555
test,0.7320823202234299,0.8587398529052734
