,loss,acc
train,0.19934669754965936,0.9245745539665222
val,0.2725737415481018,0.8961557745933533
test,0.3823667476597295,0.877540647983551
