,loss,acc
train,0.61330632639784,0.7486299276351929
val,0.6531058662365034,0.754867672920227
test,0.6987528173268084,0.7317073345184326
