,loss,acc
train,0.0864455987854914,0.9620709419250488
val,0.36857382652614334,0.9046430587768555
test,0.44157886529255924,0.8760162591934204
