,loss,acc
train,0.08074397093266819,0.9666858911514282
val,0.3239493972086685,0.9206190705299377
test,0.4410694653444689,0.8887194991111755
