,loss,acc
train,0.09688167151595961,0.963945746421814
val,0.36279623275339096,0.9176235795021057
test,0.3644627237141632,0.9009146094322205
