,loss,acc
train,0.278298683397841,0.9049610495567322
val,0.4479149471442073,0.8382426500320435
test,0.4322090520536739,0.8917682766914368
