,loss,acc
train,0.1421318821867479,0.9599077105522156
val,0.581061469708268,0.8971542716026306
test,0.48473193276114435,0.8810975551605225
