,loss,acc
train,0.08370139738410173,0.9689933657646179
val,0.35192142695298256,0.9121317863464355
test,0.29524321230630035,0.9197154641151428
