,loss,acc
train,0.07966486560137845,0.9715892672538757
val,0.32610953250863645,0.9326010942459106
test,0.3176041080922123,0.917682945728302
