,loss,acc
train,0.7026156959149966,0.7158927321434021
val,0.7708441036317686,0.719420850276947
test,0.7680844103357172,0.7017276287078857
