,loss,acc
train,0.07702215867583019,0.967695415019989
val,0.2580191294053087,0.9420868754386902
test,0.3746686823184226,0.9359756112098694
