,loss,acc
train,0.06470459895965355,0.9754831194877625
val,0.2184476360948904,0.9445831179618835
test,0.310279384851644,0.952235758304596
