,loss,acc
train,0.28060195290848594,0.8929910659790039
val,0.3640729471319506,0.8906639814376831
test,0.26746664081919724,0.8988820910453796
