,loss,acc
train,0.1129243818330345,0.9502451419830322
val,0.18012920484835812,0.93659508228302
test,0.23637572045948965,0.9273374080657959
