,loss,acc
train,0.04939141196155866,0.9805307388305664
val,0.4671043664190449,0.9276086091995239
test,0.39052816590529116,0.9415650367736816
