,loss,acc
train,0.28087086080140206,0.8898183107376099
val,0.34766209918561125,0.8826760053634644
test,0.31730301702410224,0.8978658318519592
