,loss,acc
train,0.11375744263030163,0.9477934837341309
val,0.1333405758347862,0.9555666446685791
test,0.24764381015481146,0.9237805008888245
