,loss,acc
train,0.6046843755681885,0.7409864664077759
val,0.6298448044957368,0.7558662295341492
test,0.6022054533648297,0.7311992049217224
