,loss,acc
train,0.10504515941187571,0.9545716643333435
val,0.16463665660958704,0.9385921359062195
test,0.2134694764947228,0.9395325183868408
