,loss,acc
train,0.10615644128143963,0.9577444195747375
val,0.21604539029552688,0.9440838694572449
test,0.2301637756218708,0.9278455376625061
