,loss,acc
train,0.17427159260172975,0.9289010763168335
val,0.2757189470532532,0.9191213250160217
test,0.2517861816464219,0.9197154641151428
