,loss,acc
train,0.12654881092066783,0.9522641897201538
val,0.2194285904364723,0.9390913844108582
test,0.5677573391939352,0.9039633870124817
