,loss,acc
train,0.029465919863809406,0.9891837239265442
val,0.35855157732948745,0.9420868754386902
test,0.42408230432016747,0.934959352016449
