,loss,acc
train,0.1202078948710014,0.9498125314712524
val,0.22627562349099578,0.932101845741272
test,0.37907365327939957,0.9049796462059021
