,loss,acc
train,0.13530332013798912,0.9433227777481079
val,0.23393946069679109,0.935097336769104
test,0.27073328105763084,0.9242886304855347
