,loss,acc
train,0.08986432442800633,0.9596192836761475
val,0.27198154599539737,0.9206190705299377
test,0.3714086724418841,0.8983739614486694
