,loss,acc
train,0.10903944715052706,0.9515430927276611
val,0.19794497444818407,0.9455816149711609
test,0.2685999457056661,0.9359756112098694
