,loss,acc
train,0.12591779903580713,0.9479377269744873
val,0.1894157873694443,0.9400898814201355
test,0.20809430785891714,0.922764241695404
