,loss,acc
train,0.07416271730972714,0.9656763672828674
val,0.20055017353422766,0.9460808634757996
test,0.3606757196007696,0.9019308686256409
