,loss,acc
train,0.19862209948828485,0.917363703250885
val,0.2156040765646393,0.9360958337783813
test,0.30888174996310014,0.9054877758026123
