,loss,acc
train,0.21784304125158732,0.9082780480384827
val,0.31661272786940803,0.8851722478866577
test,0.29565363922497123,0.8998983502388
