,loss,acc
train,0.12637255054692123,0.9457744359970093
val,0.3037489150537813,0.9266101121902466
test,0.27191561051881946,0.9268292784690857
