,loss,acc
train,0.07734683794565968,0.9675511717796326
val,0.31965209472798,0.933599591255188
test,0.4010975760498414,0.9146341681480408
