,loss,acc
train,0.11798937751030222,0.951254665851593
val,0.18943493221191335,0.930604100227356
test,0.20785531490223436,0.922764241695404
