,loss,acc
train,0.10692669984724124,0.9545716643333435
val,0.32423032807112784,0.917124330997467
test,0.297770704012137,0.9171748161315918
