,loss,acc
train,0.07419621715611936,0.9702913165092468
val,0.30742315784327506,0.9345980882644653
test,0.40563929467516685,0.940040647983551
