,loss,acc
train,0.11110701335188801,0.951831579208374
val,0.19393407024950657,0.9340988397598267
test,0.2469354195004931,0.9298780560493469
