,loss,acc
train,0.09770266920142098,0.9544274806976318
val,0.23747198401302372,0.9296056032180786
test,0.30407365470638636,0.9375
