,loss,acc
train,0.08643322972738925,0.9642342329025269
val,0.22994372572138383,0.9311033487319946
test,0.3057272871175048,0.9141260385513306
