,loss,acc
train,0.08278937533864886,0.9688491225242615
val,0.1983562236366058,0.9480778574943542
test,0.23630429878693673,0.940040647983551
