,loss,acc
train,0.11204027041626591,0.9521200060844421
val,0.23301108897334924,0.9331003427505493
test,0.22782842383333823,0.940040647983551
