,loss,acc
train,0.16296969564398683,0.9293337464332581
val,0.22334215474415886,0.9291063547134399
test,0.3018095621278858,0.9080284833908081
