,loss,acc
train,0.07737326985077464,0.9653879404067993
val,0.25078891360208383,0.9415876269340515
test,0.3603592994059739,0.9314024448394775
