,loss,acc
train,0.1385336921120265,0.9405826330184937
val,0.17921963155537443,0.9410883784294128
test,0.1954378565939946,0.9446138143539429
