,loss,acc
train,0.11418280841265328,0.9539948105812073
val,0.21092378369732925,0.9410883784294128
test,0.3757860857736754,0.9110772609710693
