,loss,acc
train,0.04711993573348093,0.9818286895751953
val,0.4672878049911828,0.9261108040809631
test,0.39089169383743694,0.9420731663703918
