,loss,acc
train,0.1110813317756162,0.9535621404647827
val,0.19922324679192704,0.9355965852737427
test,0.24385341089302853,0.9283536672592163
