,loss,acc
train,0.2713698616365784,0.8976060152053833
val,0.32015330834324457,0.9046430587768555
test,0.32679673186616925,0.9019308686256409
