,loss,acc
train,0.08490048406107437,0.9674069881439209
val,0.3104001976785827,0.9370943307876587
test,0.3054093485242617,0.9390243887901306
