,loss,acc
train,0.18024793669462144,0.9222670793533325
val,0.25560717307369646,0.9271093606948853
test,0.32625408399077815,0.9146341681480408
