,loss,acc
train,0.08323764759074416,0.964522659778595
val,0.34499497434124465,0.9236145615577698
test,0.32715560641869473,0.9115853905677795
