,loss,acc
train,0.11496495315066359,0.9511104822158813
val,0.19206157307727778,0.9445831179618835
test,0.27501006421209045,0.9354674816131592
