,loss,acc
train,0.13888128810955191,0.9405826330184937
val,0.23457528143764078,0.9331003427505493
test,0.2603045202322244,0.9253048896789551
