,loss,acc
train,0.10723074688910683,0.9550043344497681
val,0.16395321619976824,0.9460808634757996
test,0.21621144897369782,0.9354674816131592
