,loss,acc
train,0.09361711779537063,0.9638015627861023
val,0.18502165666580037,0.949575662612915
test,0.20828444049106834,0.9461382031440735
