,loss,acc
train,0.10944501808301885,0.9545716643333435
val,0.31022704685180336,0.9221168160438538
test,0.31028592808132355,0.9146341681480408
