,loss,acc
train,0.11600853762279209,0.9511104822158813
val,0.18505337294580237,0.9400898814201355
test,0.24300839024156046,0.9273374080657959
