,loss,acc
train,0.05585895351067767,0.9800980687141418
val,0.338873195285053,0.93659508228302
test,0.4073574428455415,0.9415650367736816
