,loss,acc
train,0.12254030192214464,0.9476492404937744
val,0.1756856545226586,0.949575662612915
test,0.24685062569323776,0.9080284833908081
