,loss,acc
train,0.20205071437829916,0.9162099957466125
val,0.23838376402259764,0.9266101121902466
test,0.23833309440320827,0.9298780560493469
