,loss,acc
train,0.07908734631524396,0.9747620224952698
val,0.19330121048215146,0.9460808634757996
test,0.18380382025935707,0.9507113695144653
