,loss,acc
train,0.05415394891739885,0.977502167224884
val,0.21040339534945687,0.951073408126831
test,0.29813393694097134,0.9486788511276245
