,loss,acc
train,0.09711979827349253,0.9571675658226013
val,0.21736185843897057,0.9400898814201355
test,0.4814231185352797,0.9059959053993225
