,loss,acc
train,0.24115685073195178,0.9115950465202332
val,0.2857357018808097,0.9191213250160217
test,0.2678248465025222,0.9049796462059021
