,loss,acc
train,0.10456494624568792,0.9583213329315186
val,0.1888124048649424,0.9505741596221924
test,0.21142837413533674,0.9369918704032898
