,loss,acc
train,0.07762685485871258,0.9643784165382385
val,0.2309296064819756,0.93659508228302
test,0.3733320036824094,0.9105691313743591
