,loss,acc
train,0.10466575617809075,0.9535621404647827
val,0.26516724107889306,0.9246130585670471
test,0.2841741862895601,0.9354674816131592
