,loss,acc
train,0.13506008680367385,0.9389962553977966
val,0.22895583245648454,0.9301048517227173
test,0.2274544957054616,0.9298780560493469
