,loss,acc
train,0.11486399114785156,0.9485145807266235
val,0.29294877366222816,0.9281078577041626
test,0.3354819206225381,0.9085366129875183
