,loss,acc
train,0.09193908225569332,0.9591866135597229
val,0.2857874836372811,0.9211183190345764
test,0.38561468488981376,0.9009146094322205
