,loss,acc
train,0.7137902740497634,0.7180559635162354
val,0.7578932001658576,0.7333999276161194
test,0.6808517430492533,0.747459352016449
