,loss,acc
train,0.1623935979160523,0.9365445375442505
val,0.36680759739500846,0.898152768611908
test,0.4692518680159578,0.8734756112098694
