,loss,acc
train,0.1246672179145652,0.9488030076026917
val,0.282631296926716,0.9191213250160217
test,0.4992758172331851,0.8831300735473633
