,loss,acc
train,0.1364797615089685,0.9501009583473206
val,0.20426528450869735,0.9425861239433289
test,0.24481250644316974,0.9126016497612
