,loss,acc
train,0.12990421700421417,0.9460628628730774
val,0.1706932116523864,0.9425861239433289
test,0.23966085769773682,0.9242886304855347
