,loss,acc
train,0.9301480760758639,0.6145082116127014
val,0.9054779407684052,0.6525211930274963
test,0.8505562906100498,0.690040647983551
