,loss,acc
train,0.16090174794346437,0.9310643076896667
val,0.195097269197434,0.9375936388969421
test,0.25378134037932093,0.917682945728302
