,loss,acc
train,0.13928114662809446,0.941447913646698
val,0.19748237046714884,0.9326010942459106
test,0.24774451133117412,0.917682945728302
