,loss,acc
train,0.07825539514774468,0.9655321836471558
val,0.489010145032664,0.9071393013000488
test,0.6210316465702322,0.8866869807243347
