,loss,acc
train,0.10580058745026279,0.9577444195747375
val,0.36376118020275894,0.9076385498046875
test,0.4279819178126177,0.894817054271698
