,loss,acc
train,0.6772638696017786,0.7284395694732666
val,0.7326306852173103,0.7338991761207581
test,0.6875692674117845,0.7494918704032898
