,loss,acc
train,0.11757490345372791,0.946495532989502
val,0.32222514589890444,0.9131302833557129
test,0.39604422468900286,0.9004064798355103
