,loss,acc
train,0.16361794824101394,0.930631697177887
val,0.2053364312357148,0.9331003427505493
test,0.22321884683901216,0.917682945728302
