,loss,acc
train,0.11312841739608312,0.9524084329605103
val,0.2754085190636973,0.9146280288696289
test,0.47562397208975293,0.8785569071769714
