,loss,acc
train,0.6317240387106753,0.7496394515037537
val,0.6753002015043365,0.7418871521949768
test,0.6018377015806311,0.7870935201644897
