,loss,acc
train,0.180044085058277,0.9307758808135986
val,0.2664704455478425,0.9141287803649902
test,0.2654030662109485,0.9049796462059021
