,loss,acc
train,0.14466454756328256,0.9459186792373657
val,0.3797661725262434,0.8961557745933533
test,0.36839696855806725,0.9009146094322205
