,loss,acc
train,0.14707297092148638,0.9376983046531677
val,0.22254999263441777,0.9291063547134399
test,0.2657574022722826,0.9171748161315918
