,loss,acc
train,0.11108504200231423,0.9535621404647827
val,0.34772487853282225,0.902646005153656
test,0.3095021831047744,0.9059959053993225
