,loss,acc
train,0.13426092031452388,0.9460628628730774
val,0.45462538902306043,0.8786819577217102
test,0.45689715744030274,0.8927845358848572
