,loss,acc
train,0.1611341680038773,0.9342370629310608
val,0.2574233096678794,0.9186220765113831
test,0.3195458310277663,0.9009146094322205
