,loss,acc
train,0.07243580511487878,0.9711565971374512
val,0.6114907664215704,0.9001497626304626
test,0.6991259212609441,0.8841463327407837
