,loss,acc
train,0.1154932176497607,0.9568791389465332
val,0.36988778075522266,0.9091362953186035
test,0.49215610740882365,0.8902438879013062
