,loss,acc
train,0.5588972050689089,0.7683876752853394
val,0.6120958506198032,0.7583624720573425
test,0.47851106548697,0.8262194991111755
