,loss,acc
train,0.2039890297913383,0.9198154211044312
val,0.37135274603375185,0.8906639814376831
test,0.4323499562536798,0.8617886304855347
