,loss,acc
train,0.13642150668181824,0.9427458643913269
val,0.3432759610909078,0.9116325378417969
test,0.4124043911517545,0.8917682766914368
