,loss,acc
train,0.12338644547458573,0.9477934837341309
val,0.2666605537347179,0.9166250824928284
test,0.2902712088472937,0.9217479825019836
