,loss,acc
train,7016012.499468009,0.9515430927276611
val,0.20584612406015626,0.9311033487319946
test,4363.442754905241,0.9263211488723755
