,loss,acc
train,0.11920100010901738,0.9576002359390259
val,0.7028842454760359,0.883175253868103
test,0.7397863813007498,0.8739837408065796
