,loss,acc
train,52279454.12409955,0.8407845497131348
val,319876195.3077909,0.852221667766571
test,15625360.516470602,0.8689024448394775
