,loss,acc
train,0.23843661028723107,0.9150562286376953
val,0.26191197163264973,0.9176235795021057
test,0.33313278938507346,0.8846544623374939
