,loss,acc
train,0.11934879377311915,0.9564464688301086
val,0.5533876668548382,0.8951572775840759
test,0.6615831297068377,0.8831300735473633
