,loss,acc
train,0.6967076501165167,0.7271416187286377
val,0.75132511742878,0.7338991761207581
test,0.71053309449396,0.7459349632263184
