,loss,acc
train,0.09824123402340496,0.9560138583183289
val,0.453458471082363,0.90114825963974
test,0.401172827583325,0.8998983502388
