,loss,acc
train,0.18435984534913374,0.9248629808425903
val,0.2612954499390622,0.9201198220252991
test,0.24226780256873556,0.9314024448394775
