,loss,acc
train,0.20598076841482887,0.9167868494987488
val,0.3177626528275021,0.8806789517402649
test,0.3482907488733924,0.8993902206420898
