,loss,acc
train,0.18785063583899236,0.9234208464622498
val,0.28768987105940796,0.9131302833557129
test,0.325214536616397,0.8968495726585388
