,loss,acc
train,0.16929414801332882,0.9291895031929016
val,0.25494662166028637,0.9191213250160217
test,0.31117772357159756,0.9090447425842285
