,loss,acc
train,0.10423984610991394,0.9571675658226013
val,0.28644777337043614,0.9251123070716858
test,0.2926988725022108,0.9192073345184326
