,loss,acc
train,0.19653629483389157,0.9247187972068787
val,0.39373408553306305,0.8836745023727417
test,0.47817137019663325,0.8587398529052734
