,loss,acc
train,0.19438922226016378,0.9206807017326355
val,0.45020764254691953,0.8647029399871826
test,0.3783936791000812,0.8770325183868408
