,loss,acc
train,0.1033780193596747,0.9613498449325562
val,0.24708045534306,0.9251123070716858
test,0.2612183390959446,0.9339430928230286
