,loss,acc
train,0.1578725358148723,0.9339486360549927
val,0.2154700266670657,0.9286071062088013
test,0.2505980807401967,0.9232723712921143
