,loss,acc
train,0.9651441292147971,0.6064320802688599
val,0.9630065991529749,0.6220669150352478
test,0.930129973747866,0.6443089246749878
