,loss,acc
train,0.06591986146482764,0.9720219373703003
val,0.3802432458014546,0.9141287803649902
test,0.4282819427449955,0.9110772609710693
