,loss,acc
train,0.11335526207475519,0.9499567151069641
val,0.39865895488945263,0.9081377983093262
test,0.3632022671645689,0.9095528721809387
