,loss,acc
train,0.17531111723167717,0.9297663569450378
val,0.226659515174222,0.9221168160438538
test,0.3199357908728771,0.9034552574157715
