,loss,acc
train,23736.288793589025,0.9077011942863464
val,6037885.730992405,0.8731902241706848
test,137295.95720873354,0.8836382031440735
