,loss,acc
train,0.33528201701079247,0.8749639391899109
val,0.36689999723026767,0.8741887211799622
test,0.40476965401473086,0.8709349632263184
