,loss,acc
train,0.17186769948301733,0.9293337464332581
val,0.27732011646820914,0.9131302833557129
test,0.2813577227657888,0.9120935201644897
