,loss,acc
train,0.7406570020647258,0.7057974934577942
val,0.765034867951826,0.7224164009094238
test,0.7426923887758721,0.7245935201644897
