,loss,acc
train,0.173057722841624,0.9327949285507202
val,0.4565920158737133,0.8861707448959351
test,0.47306974071676167,0.8785569071769714
