,loss,acc
train,0.14327984452860085,0.9456302523612976
val,0.2808235497160429,0.9101347923278809
test,0.32464676173555296,0.9014227390289307
