,loss,acc
train,0.08690456539992353,0.9652436971664429
val,0.5115869500912834,0.9016475081443787
test,0.6431367522745564,0.8907520174980164
