,loss,acc
train,0.10366764063808409,0.9551485180854797
val,0.37413275987642186,0.9296056032180786
test,0.4002581644643666,0.9171748161315918
