,loss,acc
train,0.20348954248882214,0.9221228957176208
val,0.38873645441566657,0.8801797032356262
test,0.47437323616227,0.8714430928230286
