,loss,acc
train,0.6307686566360959,0.7528122067451477
val,0.6955597068569509,0.7468796968460083
test,0.6387396060324054,0.7759146094322205
