,loss,acc
train,0.18541123074935256,0.9277473092079163
val,0.2513783865878419,0.9181228280067444
test,0.2733964905581944,0.915142297744751
