,loss,acc
train,0.21288793423165517,0.9085664749145508
val,0.25865852233176817,0.9116325378417969
test,0.300917124012258,0.9034552574157715
