,loss,acc
train,0.09745944587199122,0.957888662815094
val,0.33093472147865133,0.9231153130531311
test,0.38867620100323785,0.9273374080657959
