,RMSE,SMAPE
val,2.9055543928828644,0.0003195968403329975
test,1804.100903326208,17.410413214756268
