,RMSE,SMAPE
val,2669.2039480226185,29.304701734840716
test,2635.163407847513,28.790395563884
