,RMSE,SMAPE
val,2.8232410587873336,0.00030726484936349996
test,1727.7226080818466,16.97685730097832
