,RMSE,SMAPE
val,1442.0306838218557,14.501068074188211
test,1418.7988818533345,15.05553328059577
