,RMSE,SMAPE
val,489.64130379187634,5.1578647902650125
test,1234.6974330411313,12.454856958873753
