,RMSE,SMAPE
val,2635.5708444535326,21.288138339992095
test,2618.3339011428275,22.332532222977214
