,RMSE,SMAPE
val,1380.5864495840362,14.425940471809076
test,1348.8009635167432,14.249952604279418
