,RMSE,SMAPE
val,1459.4974538137337,14.477144160207708
test,1452.087264022156,14.751807568636139
