,RMSE,SMAPE
val,1394.9670909315234,14.084978717186548
test,1290.2802060658225,13.821357435595413
