,RMSE,SMAPE
val,2417.9260863308496,23.50342770438067
test,2382.5471319782646,23.180415059766894
