,RMSE,SMAPE
val,1386.801472896869,13.863131804327192
test,1293.6825117901071,13.680544861712239
