,RMSE,SMAPE
val,1401.0980920094846,15.051381648682801
test,1354.1877933137848,14.920907970789383
