,RMSE,SMAPE
val,2501.453935076337,25.534178262831638
test,2468.964849373602,25.132679029948626
