,RMSE,SMAPE
val,1363.9245990226855,14.092378933186437
test,1309.7622810441726,13.786279355958595
