,RMSE,SMAPE
val,1395.186377079175,14.133308870352035
test,1306.5330799400717,13.949640336966313
