,RMSE,SMAPE
val,1465.950093908511,17.461666885782748
test,1431.8653694791842,17.285174353635014
