,RMSE,SMAPE
val,1420.1902926448956,14.373236591275512
test,1331.2176955168766,14.166603717837946
