,RMSE,SMAPE
val,1374.0869396515827,13.904449163937512
test,1276.111465457933,13.675156024254726
