,RMSE,SMAPE
val,1402.3352845616582,14.903438378735009
test,1344.0431588830188,14.708572480427396
