,RMSE,SMAPE
val,502.77976298996083,5.161679895042544
test,1232.6885801634244,12.358457522757687
