,RMSE,SMAPE
val,2417.642430486845,23.51664471636194
test,2381.94803626204,23.192106433612572
