,RMSE,SMAPE
val,487.66947570777916,5.107357987336595
test,1214.8230367159167,12.138566176267075
