,RMSE,SMAPE
val,5668.2734257241955,112.75764700741732
test,5683.36014728391,114.04528812152127
