,RMSE,SMAPE
val,5764.511059685042,122.04463001077903
test,5780.957460262549,123.36887518691645
