,RMSE,SMAPE
val,1405.766453867442,15.122286793416121
test,1355.6956202712277,14.95713913358393
