,RMSE,SMAPE
val,1350.3437047211964,13.732932061508546
test,1280.101714333291,13.461776780753745
