,RMSE,SMAPE
val,1374.0852516329728,13.905900218278505
test,1276.1325388141329,13.67653532783529
