,RMSE,SMAPE
val,1213.0905635616748,12.501447295067864
test,1310.88346776374,13.622835427663803
