,RMSE,SMAPE
val,2.905554392936631,0.0003195968403965499
test,1785.3630739567557,18.076747344412535
