,RMSE,SMAPE
val,2406.2229765815223,23.3166206019108
test,2370.0758835952956,22.994436734220997
