,RMSE,SMAPE
val,2391.778146133949,21.62699082800132
test,2374.9904529370124,22.989994348812584
