,RMSE,SMAPE
val,2.8232410555863137,0.00030726485267128126
test,1757.2493242202272,17.153084175442196
