,RMSE,SMAPE
val,5928.2990359782425,140.8979164694881
test,5946.89516797035,142.1675004122359
