,RMSE,SMAPE
val,1348.4738128140916,13.751164633853644
test,1278.8941109233774,13.434589679454751
