,RMSE,SMAPE
val,1377.9853268828715,13.727150216115163
test,1282.6740795003682,13.530402572105132
