,RMSE,SMAPE
val,2.8232410547855316,0.00030726485101396895
test,1806.965950479991,16.81669597943982
