,RMSE,SMAPE
val,2395.8549717788155,24.00547961944574
test,2487.5951796409854,24.624430854603816
