,RMSE,SMAPE
val,2626.6486664781205,28.05682424796037
test,2594.5995338663843,27.56523191475711
