,RMSE,SMAPE
val,2421.576993683646,23.59593873936761
test,2386.179878664669,23.2728955649547
