,RMSE,SMAPE
val,2174.807517177379,20.526636391994714
test,2170.1575024958033,21.932061607704245
