,RMSE,SMAPE
val,5768.703068291899,122.48081558560091
test,5785.171263380375,123.79591112509154
