,RMSE,SMAPE
val,1406.83165039655,14.328053694369164
test,1304.8600044912448,14.035079854912247
