,RMSE,SMAPE
val,1346.9388425884392,13.829973657689274
test,1383.3577258673765,14.473419884273829
