,RMSE,SMAPE
val,2541.598818905267,27.763015008328626
test,2585.4745085886575,27.835043000613506
