,RMSE,SMAPE
val,5668.27717180371,112.76674915253463
test,5683.3502718919135,114.0462178608342
