,RMSE,SMAPE
val,2131.472999450169,20.44585489966237
test,2391.992194130889,21.716817027263797
