,RMSE,SMAPE
val,5738.0630415866035,119.3794686969872
test,5754.104852987666,120.68371144138672
