,RMSE,SMAPE
val,1382.3941826245004,13.887753084173456
test,1283.888929963904,13.674802191960534
