,RMSE,SMAPE
val,2415.038299897297,23.45190451779775
test,2379.424061602936,23.12735090545428
