,RMSE,SMAPE
val,1996.2108911376954,18.132518534133148
test,2150.641036678959,20.35212180782117
