,RMSE,SMAPE
val,1362.8727276504428,14.348802160159872
test,1309.0554488014295,14.10850917055227
