,RMSE,SMAPE
val,2.823241063995354,0.0003072648503321277
test,1726.5069750228477,17.5646600871932
