,RMSE,SMAPE
val,1891.7079077191006,18.046312385671104
test,2054.624164975777,19.825530514880974
