,RMSE,SMAPE
val,1377.8215581631268,14.312524025248049
test,1302.228549233886,14.035797229040433
