,RMSE,SMAPE
val,5686.294715710468,114.41935356759488
test,5701.595504902187,115.70119277071652
