,RMSE,SMAPE
val,493.771277863699,5.146926183310889
test,1243.3032473988646,12.143545950184308
