,RMSE,SMAPE
val,1374.0869044561039,13.904445614036362
test,1276.1114309736654,13.675152595078655
