,RMSE,SMAPE
val,1411.3278887479344,15.148714695662228
test,1350.7363048149907,14.936650313855285
