,RMSE,SMAPE
val,5764.659825208388,122.05842053651973
test,5781.10687730382,123.38355885096387
