,RMSE,SMAPE
val,5765.194444821169,122.10696818490219
test,5781.656423209747,123.43841009648058
