,RMSE,SMAPE
val,1346.4474771942648,13.864572427160661
test,1278.7323363985008,13.506072858840618
