,RMSE,SMAPE
val,1245.4592990025517,13.467601130638453
test,1306.7938478309334,13.985533459251716
