,RMSE,SMAPE
val,1428.1418401259903,15.30916621304257
test,1385.643510022971,15.03973274830318
