,RMSE,SMAPE
val,5768.11359240602,122.41996096486554
test,5784.573712221094,123.73485579164641
