,RMSE,SMAPE
val,1374.0869115104506,13.904447560181772
test,1276.1114559205498,13.675154428502971
