,RMSE,SMAPE
val,5896.384165620333,136.8858264551448
test,5914.562227988743,138.18022745379142
