,RMSE,SMAPE
val,2413.220598235909,23.418114023556086
test,2377.7969012551275,23.091703241774688
