,RMSE,SMAPE
val,2420.4714887180826,23.564315065552133
test,2385.094407887011,23.241542663654265
