,RMSE,SMAPE
val,1898.986551006722,19.756508723321485
test,2070.706099596612,21.322216181085437
