,RMSE,SMAPE
val,5668.280914840547,112.76934759148031
test,5683.342951345295,114.04534093882309
