,RMSE,SMAPE
val,1353.5552143051036,13.894162960434794
test,1403.9759820018191,14.392194065792019
