,RMSE,SMAPE
val,1347.0181334316474,13.864847419241167
test,1287.981410344674,13.54637972146455
