,RMSE,SMAPE
val,2639.0339605749564,28.36561528599535
test,2606.903314577958,27.865049051287514
