,RMSE,SMAPE
val,1214.1718671939043,12.664220412552512
test,1335.5399910021542,13.642284565903632
