,RMSE,SMAPE
val,1409.515290380982,14.084448872029062
test,1304.2980822077168,13.755367628434271
