,RMSE,SMAPE
val,1400.7770556169069,14.097554038807244
test,1306.9265117596233,13.88474623150589
