,RMSE,SMAPE
val,5668.266133146762,112.75863794050247
test,5683.336922890263,114.04163272294338
