,RMSE,SMAPE
val,1383.3197435019385,15.61403616867271
test,1366.1210107945237,15.612422389337402
