,RMSE,SMAPE
val,2407.8524913926453,23.37045727976447
test,2371.412347105382,23.047821345377677
