,RMSE,SMAPE
val,2499.6020368041923,25.55445546455266
test,2466.077935293872,25.159587922902443
