,RMSE,SMAPE
val,2410.1366362749336,23.4376973827575
test,2373.5359205280893,23.114969951477182
