,RMSE,SMAPE
val,2416.9464002697346,23.495008329106735
test,2381.2694885781225,23.170673451515974
